{"cameraMode":{"drawMode":0,"name":"Shaded","section":"Shading Mode"},"sceneLighting":false,"audioPlay":false,"sceneViewState":{"m_AlwaysRefresh":false,"showFog":true,"showSkybox":false,"showFlares":true,"showImageEffects":true,"showParticleSystems":true,"showVisualEffectGraphs":true,"m_FxEnabled":true},"in2DMode":false,"pivot":{"x":-53.709999084472659,"y":1.690000057220459,"z":29.270000457763673},"rotation":{"x":0.04079841822385788,"y":-0.002687858184799552,"z":0.0001081579684978351,"w":0.999167799949646},"size":0.8660253882408142,"orthographic":false}