{"cameraMode":{"drawMode":0,"name":"Shaded","section":"Shading Mode"},"sceneLighting":false,"audioPlay":false,"sceneViewState":{"m_AlwaysRefresh":false,"showFog":true,"showSkybox":false,"showFlares":true,"showImageEffects":true,"showParticleSystems":true,"showVisualEffectGraphs":true,"m_FxEnabled":true},"in2DMode":false,"pivot":{"x":-0.8470858335494995,"y":1.3397220373153687,"z":-1.7881393432617188e-7},"rotation":{"x":0.09130353480577469,"y":0.03882686421275139,"z":-0.0035634052474051716,"w":0.9950640201568604},"size":1.9208579063415528,"orthographic":false}