{"cameraMode":{"drawMode":0,"name":"Shaded","section":"Shading Mode"},"sceneLighting":false,"audioPlay":false,"sceneViewState":{"m_AlwaysRefresh":false,"showFog":true,"showSkybox":false,"showFlares":true,"showImageEffects":true,"showParticleSystems":true,"showVisualEffectGraphs":true,"m_FxEnabled":true},"in2DMode":false,"pivot":{"x":-52.630001068115237,"y":2.8499999046325685,"z":29.010000228881837},"rotation":{"x":0.04079841822385788,"y":-0.002687858184799552,"z":0.0001081579684978351,"w":0.999167799949646},"size":1.7320507764816285,"orthographic":false}